[
  {
    "model": "airport.airplanetype",
    "pk": 1,
    "fields": {
      "name": "Type X"
    }
  },
  {
    "model": "airport.airplanetype",
    "pk": 2,
    "fields": {
      "name": "Model S"
    }
  },
  {
    "model": "airport.airplanetype",
    "pk": 3,
    "fields": {
      "name": "Prototype K"
    }
  },
  {
    "model": "airport.airplanetype",
    "pk": 4,
    "fields": {
      "name": "Type Y"
    }
  },
  {
    "model": "airport.airplane",
    "pk": 1,
    "fields": {
      "name": "Airplane Z",
      "rows": 20,
      "seats_in_row": 6,
      "airplane_type": 3
    }
  },
  {
    "model": "airport.airplane",
    "pk": 2,
    "fields": {
      "name": "Airplane A",
      "rows": 30,
      "seats_in_row": 6,
      "airplane_type": 2
    }
  },
  {
    "model": "airport.airplane",
    "pk": 3,
    "fields": {
      "name": "Airplane G",
      "rows": 40,
      "seats_in_row": 9,
      "airplane_type": 1
    }
  },
  {
    "model": "airport.airplane",
    "pk": 4,
    "fields": {
      "name": "Airplane V",
      "rows": 60,
      "seats_in_row": 10,
      "airplane_type": 4
    }
  },
  {
    "model": "airport.crew",
    "pk": 1,
    "fields": {
      "first_name": "Jack",
      "last_name": "Nicholson"
    }
  },
  {
    "model": "airport.crew",
    "pk": 2,
    "fields": {
      "first_name": "Roger",
      "last_name": "Redfield"
    }
  },
  {
    "model": "airport.crew",
    "pk": 3,
    "fields": {
      "first_name": "Matt",
      "last_name": "Damon"
    }
  },
  {
    "model": "airport.crew",
    "pk": 4,
    "fields": {
      "first_name": "Joseph",
      "last_name": "Gordon-Levitt"
    }
  },
  {
    "model": "airport.crew",
    "pk": 5,
    "fields": {
      "first_name": "Elliot",
      "last_name": "Page"
    }
  },
  {
    "model": "airport.airport",
    "pk": 1,
    "fields": {
        "name": "Charles de Gaulle Airport",
        "closest_big_city": "Paris",
        "image": null
    }
  },
  {
    "model": "airport.airport",
    "pk": 2,
    "fields": {
        "name": "Heathrow Airport",
        "closest_big_city": "London",
        "image": null
    }
  },
  {
    "model": "airport.airport",
    "pk": 3,
    "fields": {
        "name": "Boryspil International Airport",
        "closest_big_city": "Kiev",
        "image": null
    }
  },
  {
    "model": "airport.airport",
    "pk": 4,
    "fields": {
        "name": "John F. Kennedy International Airport",
        "closest_big_city": "New York",
        "image": null
    }
  },
  {
    "model": "airport.airport",
    "pk": 5,
    "fields": {
        "name": "Los Angeles International Airport",
        "closest_big_city": "California",
        "image": null
    }
  },

  {
    "model": "airport.route",
    "pk": 1,
    "fields": {
      "source": 1,
      "destination": 2,
      "distance": 340,
      "type_of_measurement": "km"
    }
  },
  {
    "model": "airport.route",
    "pk": 2,
    "fields": {
      "source": 2,
      "destination": 4,
      "distance": 5000,
      "type_of_measurement": "km"
    }
  },
  {
    "model": "airport.route",
    "pk": 3,
    "fields": {
      "source": 4,
      "destination": 5,
      "distance": 3500,
      "type_of_measurement": "km"
    }
  },
  {
    "model": "airport.route",
    "pk": 4,
    "fields": {
      "source": 3,
      "destination": 1,
      "distance": 2000,
      "type_of_measurement": "km"
    }
  },
  {
    "model": "airport.flight",
    "pk": 1,
    "fields": {
      "route": 1,
      "airplane": 1,
      "departure_time": "2023-11-08T13:00:00Z",
      "arrival_time": "2023-11-08T14:30:00Z",
      "crew": [
        2,
        4,
        5
      ]
    }
  },
  {
    "model": "airport.flight",
    "pk": 2,
    "fields": {
      "route": 2,
      "airplane": 4,
      "departure_time": "2023-12-01T17:00:00Z",
      "arrival_time": "2023-12-01T22:00:00Z",
      "crew": [
        1,
        2,
        3,
        4,
        5
      ]
    }
  },
  {
    "model": "airport.flight",
    "pk": 3,
    "fields": {
      "route": 3,
      "airplane": 3,
      "departure_time": "2023-12-08T13:00:00Z",
      "arrival_time": "2023-12-08T18:00:00Z",
      "crew": [
        2,
        3
      ]
    }
  },
  {
    "model": "airport.flight",
    "pk": 4,
    "fields": {
      "route": 4,
      "airplane": 2,
      "departure_time": "2023-11-22T13:00:00Z",
      "arrival_time": "2023-11-22T15:30:00Z",
      "crew": [
        1,
        4
      ]
    }
  },
  {
    "model": "airport.flight",
    "pk": 5,
    "fields": {
      "route": 1,
      "airplane": 1,
      "departure_time": "2023-12-09T13:00:00Z",
      "arrival_time": "2023-12-09T14:30:00Z",
      "crew": [
        2,
        3
      ]
    }
  },
  {
    "model": "airport.flight",
    "pk": 6,
    "fields": {
      "route": 2,
      "airplane": 4,
      "departure_time": "2023-11-11T11:00:00Z",
      "arrival_time": "2023-11-11T17:30:00Z",
      "crew": [
        1,
        3,
        2,
        4,
        5
      ]
    }
  },
  {
    "model": "airport.flight",
    "pk": 7,
    "fields": {
      "route": 3,
      "airplane": 3,
      "departure_time": "2023-12-05T10:00:00Z",
      "arrival_time": "2023-12-05T15:30:00Z",
      "crew": [
        1,
        2,
        4,
        5
      ]
    }
  },
  {
    "model": "airport.flight",
    "pk": 8,
    "fields": {
      "route": 4,
      "airplane": 2,
      "departure_time": "2023-12-20T10:00:00Z",
      "arrival_time": "2023-12-20T13:00:00Z",
      "crew": [
        1,
        2
      ]
    }
  },
  {
    "model": "airport.order",
    "pk": 1,
    "fields": {
      "created_at": "2022-08-09T09:06:18.876Z",
      "user": 1
    }
  },
  {
    "model": "airport.order",
    "pk": 2,
    "fields": {
      "created_at": "2022-08-09T09:06:18.876Z",
      "user": 2
    }
  },
  {
    "model": "airport.order",
    "pk": 3,
    "fields": {
      "created_at": "2022-08-09T09:06:18.876Z",
      "user": 1
    }
  },
  {
    "model": "airport.order",
    "pk": 4,
    "fields": {
      "created_at": "2022-08-09T09:06:18.876Z",
      "user": 3
    }
  },
  {
    "model": "airport.ticket",
    "pk": 1,
    "fields": {
      "row": 1,
      "seat": 1,
      "flight": 1,
      "order": 1
    }
  },
  {
    "model": "airport.ticket",
    "pk": 2,
    "fields": {
      "row": 2,
      "seat": 4,
      "flight": 1,
      "order": 1
    }
  },
  {
    "model": "airport.ticket",
    "pk": 3,
    "fields": {
      "row": 3,
      "seat": 3,
      "flight": 2,
      "order": 1
    }
  },
  {
    "model": "airport.ticket",
    "pk": 4,
    "fields": {
      "row": 4,
      "seat": 3,
      "flight": 2,
      "order": 1
    }
  },
  {
    "model": "airport.ticket",
    "pk": 5,
    "fields": {
      "row": 5,
      "seat": 1,
      "flight": 3,
      "order": 1
    }
  },
  {
    "model": "airport.ticket",
    "pk": 6,
    "fields": {
      "row": 6,
      "seat": 2,
      "flight": 4,
      "order": 1
    }
  },
  {
    "model": "airport.ticket",
    "pk": 7,
    "fields": {
      "row": 7,
      "seat": 3,
      "flight": 5,
      "order": 1
    }
  },
  {
    "model": "airport.ticket",
    "pk": 8,
    "fields": {
      "row": 8,
      "seat": 4,
      "flight": 5,
      "order": 2
    }
  },
  {
    "model": "airport.ticket",
    "pk": 9,
    "fields": {
      "row": 1,
      "seat": 5,
      "flight": 5,
      "order": 2
    }
  },
  {
    "model": "airport.ticket",
    "pk": 10,
    "fields": {
      "row": 1,
      "seat": 6,
      "flight": 6,
      "order": 2
    }
  },
  {
    "model": "airport.ticket",
    "pk": 11,
    "fields": {
      "row": 4,
      "seat": 7,
      "flight": 7,
      "order": 3
    }
  },
  {
    "model": "airport.ticket",
    "pk": 12,
    "fields": {
      "row": 3,
      "seat": 7,
      "flight": 8,
      "order": 3
    }
  },
  {
    "model": "airport.ticket",
    "pk": 13,
    "fields": {
      "row": 5,
      "seat": 4,
      "flight": 8,
      "order": 3
    }
  },
  {
    "model": "airport.ticket",
    "pk": 14,
    "fields": {
      "row": 4,
      "seat": 4,
      "flight": 8,
      "order": 4
    }
  },
  {
    "model": "airport.ticket",
    "pk": 15,
    "fields": {
      "row": 2,
      "seat": 3,
      "flight": 1,
      "order": 4
    }
  },
  {
    "model": "airport.ticket",
    "pk": 16,
    "fields": {
      "row": 5,
      "seat": 3,
      "flight": 2,
      "order": 4
    }
  },
  {
    "model": "user.user",
    "pk": 1,
    "fields": {
      "password": "pbkdf2_sha256$320000$oZqdjfUqKC500V7kk3kMmb$TBVlOMhfJxWrxbUnNpWZK0+rYM242g7do/YM5tkhn+M=",
      "last_login": null,
      "is_superuser": true,
      "username": "admin.user",
      "first_name": "Admin",
      "last_name": "User",
      "email": "admin.user@airport.com",
      "is_staff": true,
      "is_active": true,
      "date_joined": "2022-08-09T09:06:18.876Z",
      "groups": [],
      "user_permissions": []
    }
  },
  {
    "model": "user.user",
    "pk": 2,
    "fields": {
      "password": "pbkdf2_sha256$320000$73Z1Y57bcoscZ37s9rE9v0$4SEQ0TtXwJKzO5/CRdFSrTifatiPjkZ38gM2H8Kqsdg=",
      "last_login": null,
      "is_superuser": false,
      "username": "ivan.khripko",
      "first_name": "Ivan",
      "last_name": "Khripko",
      "email": "ivan.khripko@airport.com",
      "is_staff": false,
      "is_active": true,
      "date_joined": "2022-08-09T09:06:18.876Z",
      "groups": [],
      "user_permissions": []
    }
  },
  {
    "model": "user.user",
    "pk": 3,
    "fields": {
      "password": "pbkdf2_sha256$320000$QtPol3T7x9quBj4BnbnVwW$UwT4kihkRfSvQEWEeuqVKwMgis2ikKVZfJDBcQMvOKY=",
      "last_login": null,
      "is_superuser": false,
      "username": "mykola.hmara",
      "first_name": "Mykola",
      "last_name": "Hmara",
      "email": "mykola.hmara@airport.com",
      "is_staff": false,
      "is_active": true,
      "date_joined": "2022-08-09T09:06:18.876Z",
      "groups": [],
      "user_permissions": []
    }
  }
]
